{"trial_data": [["{\n  \"stub\": false,\n  \"trainable_name\": \"model_trial\",\n  \"trial_id\": \"c44aa685\",\n  \"storage\": {\n    \"_type\": \"CLOUDPICKLE_FALLBACK\",\n    \"value\": \"800595d8020000000000008c1b7261792e747261696e2e5f696e7465726e616c2e73746f72616765948c0e53746f72616765436f6e746578749493942981947d94288c12637573746f6d5f66735f70726f766964656494898c136578706572696d656e745f6469725f6e616d65948c1a4e657572616c4e6574546f7263685f723133355f4241475f4c31948c0e747269616c5f6469725f6e616d65948c086334346161363835948c1863757272656e745f636865636b706f696e745f696e646578944affffffff8c0b73796e635f636f6e666967948c097261792e747261696e948c0a53796e63436f6e6669679493942981947d94288c0b73796e635f706572696f64944d2c018c0c73796e635f74696d656f7574944d08078c0e73796e635f61727469666163747394898c1c73796e635f6172746966616374735f6f6e5f636865636b706f696e7494888c0a75706c6f61645f646972948c0a44455052454341544544948c0673796e6365729468168c1273796e635f6f6e5f636865636b706f696e7494681675628c1273746f726167655f66696c6573797374656d948c0b70796172726f772e5f6673948c1446696c6553797374656d2e5f66726f6d5f7572699493948c0966696c653a2f2f2f5f94859452948c0f73746f726167655f66735f70617468948c46433a2f55736572732f72697368612f4f6e6544726976652f4465736b746f702f4361726565725f507265646963746f722f696d70726f7665645f6d6f64656c2f6d6f64656c7394681768008c115f46696c6573797374656d53796e6365729493942981947d94286819681f68114d2c0168124d08078c116c6173745f73796e635f75705f74696d659447fff00000000000008c136c6173745f73796e635f646f776e5f74696d659447fff00000000000008c0d5f73796e635f70726f63657373944e8c0c5f63757272656e745f636d64944e75628c0a5f74696d657374616d70948c13323032352d30342d30395f31382d30342d34319475622e\"\n  },\n  \"config\": {\n    \"num_epochs\": 1000,\n    \"epochs_wo_improve\": null,\n    \"activation\": \"elu\",\n    \"embedding_size_factor\": 1.0,\n    \"embed_exponent\": 0.56,\n    \"max_embedding_dim\": 100,\n    \"y_range\": null,\n    \"y_range_extend\": 0.05,\n    \"dropout_prob\": 0.06134755114373829,\n    \"optimizer\": \"adam\",\n    \"learning_rate\": 0.005834535148903801,\n    \"weight_decay\": 2.0826540090463355e-09,\n    \"proc.embed_min_categories\": 4,\n    \"proc.impute_strategy\": \"median\",\n    \"proc.max_category_levels\": 100,\n    \"proc.skew_threshold\": 0.99,\n    \"use_ngram_features\": false,\n    \"num_layers\": 5,\n    \"hidden_size\": 144,\n    \"max_batch_size\": 512,\n    \"use_batchnorm\": true,\n    \"loss_function\": \"auto\"\n  },\n  \"_Trial__unresolved_config\": {\n    \"num_epochs\": 1000,\n    \"epochs_wo_improve\": null,\n    \"activation\": \"elu\",\n    \"embedding_size_factor\": 1.0,\n    \"embed_exponent\": 0.56,\n    \"max_embedding_dim\": 100,\n    \"y_range\": null,\n    \"y_range_extend\": 0.05,\n    \"dropout_prob\": 0.06134755114373829,\n    \"optimizer\": \"adam\",\n    \"learning_rate\": 0.005834535148903801,\n    \"weight_decay\": 2.0826540090463355e-09,\n    \"proc.embed_min_categories\": 4,\n    \"proc.impute_strategy\": \"median\",\n    \"proc.max_category_levels\": 100,\n    \"proc.skew_threshold\": 0.99,\n    \"use_ngram_features\": false,\n    \"num_layers\": 5,\n    \"hidden_size\": 144,\n    \"max_batch_size\": 512,\n    \"use_batchnorm\": true,\n    \"loss_function\": \"auto\"\n  },\n  \"evaluated_params\": {\n    \"activation\": \"elu\",\n    \"dropout_prob\": 0.06134755114373829,\n    \"embed_exponent\": 0.56,\n    \"embedding_size_factor\": 1.0,\n    \"epochs_wo_improve\": null,\n    \"hidden_size\": 144,\n    \"learning_rate\": 0.005834535148903801,\n    \"loss_function\": \"auto\",\n    \"max_batch_size\": 512,\n    \"max_embedding_dim\": 100,\n    \"num_epochs\": 1000,\n    \"num_layers\": 5,\n    \"optimizer\": \"adam\",\n    \"proc.embed_min_categories\": 4,\n    \"proc.impute_strategy\": \"median\",\n    \"proc.max_category_levels\": 100,\n    \"proc.skew_threshold\": 0.99,\n    \"use_batchnorm\": true,\n    \"use_ngram_features\": false,\n    \"weight_decay\": 2.0826540090463355e-09,\n    \"y_range\": null,\n    \"y_range_extend\": 0.05\n  },\n  \"experiment_tag\": \"1_activation=elu,dropout_prob=0.0613,embed_exponent=0.5600,embedding_size_factor=1.0000,epochs_wo_improve=None,hidden_size=144,learning_rate=0.0058,loss_function=auto,max_batch_size=512,max_embedding_dim=100,num_epochs=1000,num_layers=5,optimizer=adam,proc_embed_min_categories=4,proc_impute_strategy=median,proc_max_category_levels=100,proc_skew_threshold=0.9900,use_batchnorm=True,use_ngram_features=False,weight_decay=0.0000,y_range=None,y_range_extend=0.0500\",\n  \"stopping_criterion\": {},\n  \"_setup_default_resource\": true,\n  \"_default_placement_group_factory\": \"80054e2e\",\n  \"placement_group_factory\": \"800595c7000000000000008c237261792e74756e652e657865637574696f6e2e706c6163656d656e745f67726f757073948c15506c6163656d656e7447726f7570466163746f72799493942981947d94288c085f62756e646c6573945d94287d948c066d656d6f727994474090000000000000737d948c034350559447401400000000000073658c155f686561645f62756e646c655f69735f656d70747994898c095f7374726174656779948c0b5354524943545f5041434b948c055f6172677394298c075f6b7761726773947d9475622e\",\n  \"log_to_file\": [\n    null,\n    null\n  ],\n  \"max_failures\": 0,\n  \"_default_result_or_future\": null,\n  \"export_formats\": [],\n  \"status\": \"TERMINATED\",\n  \"relative_logdir\": \"c44aa685\",\n  \"trial_name_creator\": {\n    \"_type\": \"CLOUDPICKLE_FALLBACK\",\n    \"value\": \"80059536000000000000008c1a6175746f676c756f6e2e636f72652e68706f2e7261795f68706f948c135f747269616c5f6e616d655f63726561746f729493942e\"\n  },\n  \"trial_dirname_creator\": {\n    \"_type\": \"CLOUDPICKLE_FALLBACK\",\n    \"value\": \"80059539000000000000008c1a6175746f676c756f6e2e636f72652e68706f2e7261795f68706f948c165f747269616c5f6469726e616d655f63726561746f729493942e\"\n  },\n  \"custom_trial_name\": \"c44aa685\",\n  \"custom_dirname\": \"c44aa685\",\n  \"restore_path\": null,\n  \"_restore_checkpoint_result\": null,\n  \"_state_json\": null,\n  \"results\": \"80054e2e\",\n  \"extra_arg\": \"80054e2e\",\n  \"_resources\": \"80054e2e\"\n}", "{\n  \"start_time\": null,\n  \"num_failures\": 0,\n  \"num_failures_after_restore\": 0,\n  \"error_filename\": null,\n  \"pickled_error_filename\": null,\n  \"last_result\": {},\n  \"last_result_time\": -Infinity,\n  \"metric_analysis\": {},\n  \"_n_steps\": [\n    5,\n    10\n  ],\n  \"metric_n_steps\": {},\n  \"checkpoint_manager\": {\n    \"_type\": \"CLOUDPICKLE_FALLBACK\",\n    \"value\": \"80059584010000000000008c267261792e747261696e2e5f696e7465726e616c2e636865636b706f696e745f6d616e61676572948c125f436865636b706f696e744d616e616765729493942981947d94288c125f636865636b706f696e745f636f6e666967948c097261792e747261696e948c10436865636b706f696e74436f6e6669679493942981947d94288c0b6e756d5f746f5f6b656570944e8c1a636865636b706f696e745f73636f72655f617474726962757465944e8c16636865636b706f696e745f73636f72655f6f72646572948c036d6178948c14636865636b706f696e745f6672657175656e6379944b008c11636865636b706f696e745f61745f656e6494898c1a5f636865636b706f696e745f6b6565705f616c6c5f72616e6b73948c0a44455052454341544544948c1f5f636865636b706f696e745f75706c6f61645f66726f6d5f776f726b65727394681275628c135f636865636b706f696e745f726573756c7473945d948c195f6c61746573745f636865636b706f696e745f726573756c74944e75622e\"\n  }\n}"]], "runner_data": {"_earliest_stopping_actor": 8974.062, "_actor_cleanup_timeout": 600, "_actor_force_cleanup_timeout": 10, "_reuse_actors": false, "_buffer_length": 1, "_buffer_min_time_s": 0.0, "_buffer_max_time_s": 100.0, "_max_pending_trials": 1, "_metric": "validation_performance", "_total_time": 0, "_iteration": 19, "_has_errored": false, "_fail_fast": false, "_print_trial_errors": true, "_cached_trial_decisions": {}, "_queued_trial_decisions": {}, "_should_stop_experiment": false, "_stopper": {"_type": "CLOUDPICKLE_FALLBACK",